원본 성분명,대체된 성분명
1% Cyanocobalamin Powder,Cyanocobalamin
50% Tocopherol Acetate Powder,Tocopherol_Acetate
Acamprosate Calcium,Acamprosate_Calcium
Acanthopanax·Achyranthes·Ledebouriella etc Dried ext.,❌ 매칭 실패
Acetaminophen Encapsulated,Acetaminophen
Acetyl-L-Carnitine Hydrochloride,Acetyl-L-Carnitine_Hydrochloride
Acitretin Spray-Dried 25%,❌ 매칭 실패
Aconitum Tinc. D3,❌ 매칭 실패
Acrinol,Acerola
Acrinol Hydrate,Acrinol_Hydrate
Adefovir dipivoxil,Adefovir_Dipivoxil
Adenine Hydrochloride,Adenine_Hydrochloride
Adenosine Triphosphate Disodium Trihydrate,Adenosine_Disodium_Triphosphate_Trihydrate
Agnus Castus Fruit 60% Ethanol Soft Ext.(6~12→1)ㆍColloidal Silicon Dioxide Mixture(1:1),❌ 매칭 실패
Akebia Stem,Akebia_Stem
Alfuzosin Hydrochloride,Alfuzosin_Hydrochloride
Alginic Acid,Alginic_Acid
Alisma Rhizome,Alisma_Rhizome
Alisma Rhizome Powder,Alisma_Rhizome
Allium Ext. Powder (100→1),❌ 매칭 실패
Almotriptan Malate,Almotriptan_Malate
Aloe Ext.,Aloe
Aloe Leaf Dried Ext.,❌ 매칭 실패
Alogliptin Benzoate,Alogliptin_Benzoate
Aluminum Magnesium Hydroxide,Magnesium_Hydroxide
Aluminum Magnesium Silicate,Aluminum_Magnesium_Bismuth_Silicate
Alverine Citrate,Alverine_Citrate
Amantadine Sulfate,Amantadine_Sulfate
Ambroxol Hydrochloride,Ambroxol_Hydrochloride
Amiloride Hydrochloride Hydrate,Amiloride_Hydrochloride_Hydrate
Aminobenzoate Potassium,Aminobenzoate_Potassium
Aminophylline,Aminophylline_Hydrate
Aminophylline Hydrate,Aminophylline_Hydrate
Amiodarone Hydrochloride,Amiodarone_Hydrochloride
Amitriptyline Hydrochloride,Amitriptyline_Hydrochloride
Amlodipine Adipate,Amlodipine_Adipate
Amlodipine Besylate,Amlodipine_Besylate
Amlodipine Camsylate,Amlodipine_Camsylate
Amlodipine Maleate,Amlodipine_Maleate
Amlodipine Mesylate Monohydrate,Amlodipine_Mesylate_Monohydrate
Amlodipine Nicotinate,Amlodipine_Nicotinate
Amlodipine Orotate,Amlodipine_Orotate
Ammonium Chloride,Ammonium_Chloride
Ammonium Glycyrrhizinate,Ammonium_Glycyrrhizinate
Amoxicillin,Azlocillin
Amoxicillin Hydrate,Amoxicillin_Hydrate
Amoxicillin Sodium,Amoxicillin_Sodium
Ampicillin,Pivampicillin
Ampicillin Hydrate,Ampicillin_Hydrate
Anagrelide Hydrochloride,Anagrelide_Hydrochloride
Anemarrhena Rhizome,Anemarrhena_Rhizome
Angelica Gigas Root,Angelica_Gigas_Root
Angelica·Chaenomeles·Ledebouriella·Dipsacus etc Soft Ext.,❌ 매칭 실패
Anhydrous Dibasic Calcium Phosphate,Anhydrous_Dibasic_Calcium_Phosphate
Anorex Cap. 25mg,❌ 매칭 실패
Antitoxic Liver Ext.,Antitoxic_Liver_Ext.
Aralia Continentalis Root,Aralia_Continentalis_Root
Arctii Semen,❌ 매칭 실패
Arnica Tinc. D2,❌ 매칭 실패
Arotinolol Hydrochloride,Arotinolol_Hydrochloride
Artemisia Herb 95% Ethanol Soft Ext.(20→1),❌ 매칭 실패
Artemisia Herb Isopropanol Soft Ext.(20→1),❌ 매칭 실패
Artemisiae Capillaris Herba,Artemisia_Capillaris_Herb
Ascorbic Acid,Ascorbic_Acid
Ascorbic Acid 90%,Ascorbic_Acid
Ascorbic Acid 90% Gr.,Ascorbic_Acid
Ascorbic Acid 97%,Ascorbic_Acid
Ascorbic Acid 97% Gr.,Ascorbic_Acid
Ascorbic Acid Coated,Ascorbic_Acid
Ascorbic Acid Coated 96%,Ascorbic_Acid
Ascorbic Acid Coated Powder 96%,❌ 매칭 실패
Ascorbic Acid D.C. 97%,Ascorbic_Acid
Ascorbic Acid D.C. Cyanocobalamin(1000倍散),❌ 매칭 실패
Ascorbic Acid Gr.,Ascorbic_Acid
Ascorbic Acid Gr. 95%,Ascorbic_Acid
Ascorbic Acid Gr. 97%,Ascorbic_Acid
Asiasarum Root,Asiasarum_Root_and_Rhizome
Asparagus Tuber,Asparagus_Tuber
Aspirin Enteric Coated Pellet,❌ 매칭 실패
Aspirin Enteric Gr.,❌ 매칭 실패
Astragalus Root,Astragalus_Root
Astragalus Root Dried Ext.,Astragalus_Root
Astragalus Root Ext. Powder,Astragalus_Root
Atomoxetine Hydrochloride,Atomoxetine_Hydrochloride
Atorvastatin Calcium,Rosuvastatin_Calcium
Atorvastatin Calcium Anhydrous,Atorvastatin_Calcium_Anhydrous
Atorvastatin Calcium Hydrate,Atorvastatin_Calcium_Hydrate
Atorvastatin Calcium Trihydrate,Atorvastatin_Calcium_Hydrate
Atorvastatin Strontium,Atorvastatin_Strontium_Pentahydrate
Atractylodes Rhizome,Atractylodes_Rhizome
Atractylodes Rhizome White,Atractylodes_Rhizome_White
Azelastine Hydrochloride,Azelastine_Hydrochloride
Azithromycin,Clarithromycin
Azithromycin Hydrate,Azithromycin_Hydrate
Bacillus Licheniformis,Bacillus_Licheniformis
Bacillus Subtilis-Streptococcus faecium Culture,Bacillus_SubtilisㆍStreptococcus_Faecium_Culture
Bacillus Subtilis·Enterococcus Faecium Culture,Bacillus_SubtilisㆍStreptococcus_Faecium_Culture
Balsalazide Disodium Hydrate,Balsalazide_Disodium_Hydrate
Bambuterol Hydrochloride,Bambuterol_Hydrochloride
Barnidipine Hydrochloride,Barnidipine_Hydrochloride
Bazedoxifene Acetate,Bazedoxifene_Acetate
Beclomethasone Dipropionate,Beclomethasone_Dipropionate
Belladonna Tinc. D4,❌ 매칭 실패
Belladonna Total Alkaloid,Belladonna_total_Alkaloid
Bellis Perennis Tinc. D2,❌ 매칭 실패
Benexate Hydrochloride Betadex,Benexate_Hydrochloride_Betadex
Benidipine Hydrochloride,Barnidipine_Hydrochloride
Benserazide Hydrochloride,Benserazide_Hydrochloride
Benzburomaron,Benzbromarone
Benztropine Mesylate,Benztropine_Mesylate
Bepotastine Calcium Dihydrate,Bepotastine_Calcium_Dihydrate
Bepotastine Nicotinate,Bepotastine_Nicotinate
Beraprost Sodium,Beraprost_Sodium
Berberine Chloride,Berberine_Chloride_Hydrate
Berberine Chloride Hydrate,Berberine_Chloride_Hydrate
Berberine Tannate,Berberine_Tannate
Besifovir Dipivoxil Maleate,Besifovir_Dipivoxil_Maleate
Betahistine Hydrochloride,Betahistine_Hydrochloride
Betaxolol Hydrochloride,Betaxolol_Hydrochloride
Bethanechol Chloride,Bethanechol_Chloride
Bevantolol Hydrochloride,Bevantolol_Hydrochloride
Bilberry Dried Ext.,❌ 매칭 실패
Biodiastase,Diastase
Biodiastase1000,Diastase
Biodiastase2000,Diastase
Biodiastase2000 III,❌ 매칭 실패
Biodiastase2000 Ⅳ,❌ 매칭 실패
Biodiastase500,Diastase
Biotin,Variotin
Biotin 1%,Bionattomin
Biphenyl Dimethyl Dicarboxylate,Biphenyl_Dimethyl_Dicarboxylate
Bisbenthiamine,Bisbentiamine
Bismuth Subnitrate,Bismuth_Subnitrate
Bisoprolol Fumarate,Bisoprolol_Fumarate
Black Cohosh Ext.,❌ 매칭 실패
Borneol,Butorphanol
Borneolum,Barotalum
Bromhexine Hydrochloride,Brovanexine_Hydrochloride
Bromocriptine Mesylate,Bromocriptine_Mesilate
Brompheniramine Maleate,Brompheniramine_Maleate
Buflomedil Hydrochloride,Bufuralol_Hydrochloride
Bupleurum Root,Curcuma_Root
Bupleurum Root Powder,❌ 매칭 실패
Bupropion Hydrochloride,Eucatropine_Hydrochloride
Buspirone Hydrochloride,Ipsapirone_Hydrochloride
Caffeine,Casein
Caffeine Anhydrous,Caffeine_Anhydrous
Caffeine Hydrate,Caffeine_Hydrate
Calciportriol,Calcitriol
Calcium Acetate,Calcium_Acetate
Calcium Ascorbate Hydrate,Calcium_Ascorbate_Hydrate
Calcium Carbonate,Calcium_Carbonate
Calcium Carbonate Gr. 91%,Calcium_Carbonate
Calcium Carbonate Gr. 95%,Calcium_Carbonate
Calcium Carbonate P.P.T.,Calcium_Carbonate
Calcium Citrate,Calcium_Citrate
Calcium Citrate Hydrate,Calcium_Citrate_Hydrate
Calcium Gluconate,Calcium_Glubionate
Calcium Gluconate Hydrate,Calcium_Gluconate_Hydrate
Calcium Lactate,Calcium_Acetate
Calcium Pantothenate,Calcium_Pantothenate
Calcium Pantothenate Type S,Calcium_Pantothenate
Calendula Tinc. D2,❌ 매칭 실패
Camostat Mesilate,Camostat_Mesilate
Candesartan Cilexetil,Candesartan_Cilexetil
Carbidopa,Carbadox
Carbidopa Monohydrate,Carbidopa_Hydrate
Carbinoxamine Maleate,Carbinoxamine_Maleate
Carboxymethylcellulose Sodium,Carboxymethylcellulose_Sodium
Carnitine Orotate,Carnitine_Orotate
Carvedilol Granule,Carvedilol
Cefaclor,Cefaloridine
Cefaclor Hydrate,Cefaclor_Hydrate
Cefadroxil Hydrate,Cefadroxil_Hydrate
Cefcapene Pivoxil Hydrochloride Hydrate,Cefcapene_Pivoxil_Hydrochloride_Hydrate
Cefdinir,Cediranib
Cefditoren Pivoxil,Cefteram_Pivoxil
Cefixime Hydrate,Cefixime_Hydrate
Cefpodoxime Proxetil,Cefuroxime_Axetil
Cefprozil,Cefprozil_Hydrate
Cefroxadine Hydrate,Cefroxadine_Hydrate
Ceftibuten Hydrate,Ceftibuten_Hydrate
Cefuroxime Axetil,Cefuroxime_Axetil
Celecoxib,Valdecoxib
Cellulase AP3,Cellulase
Cephalexin,o-Cresolphthalein
Cephradine Hydrate,Cefradine_Hydrate
Cernitin GBX,Carnitine
Cernitin T60,Carnitine
Cetirizine Dihydrochloride,Ceftriaxone_Dihydrochloride
Cetylpyridinium Chloride Hydrate,Calcium_Chloride_Hydrate
Chamomilla Tinc. D3,❌ 매칭 실패
Chlorophyllin Copper,Chlorophacinone
Chlorphenesin Carbamate,Chlorphenesin_Carbamate
Chlorpheniramine Maleate,Chlorpheniramine_Maleate
Chlorpromazine Hydrochloride,Chlorpromazine_Hydrochloride
Cholecalciferol Concentrate,Cholecalciferol
Cholecalciferol Concentrate Solution,❌ 매칭 실패
Cholecalciferol Concentrated (Powdered),❌ 매칭 실패
Cholecalciferol Concentrated Gr.,Cholecalciferol
Cholecalciferol Concentrated Powder,Cholecalciferol
Cholecalciferol Concentrated(Powdered),❌ 매칭 실패
Cholecalciferol Gr,Cholecalciferol
Cholecalciferol Gr.,Cholecalciferol
Cholecalciferol Mixture,Cholecalciferol
Choline Alfoscerate,Choline_Alfoscerate
Choline Bitartrate,Choline_Tartrate
Choline alfoscerate,Choline_Alfoscerate
Chondroitin Sulfate Sodium,Sodium_Chondroitin_Sulfate
Chromic Chloride Hydrate,Chromic_Chloride_Hydrate
Chromium in Dried Yeast,Chromium_in_Dried_Yeast
Chuling Powder,❌ 매칭 실패
Cilazapril Hydrate,Cilazapril_Hydrate
Cilnidipine,Azelnidipine
Cimetidine,Cinnamedrine
Cimicifuga Rhizome,Cimicifuga_Rhizome
Cimicifuga Rhizome 40% Isopropanol Dried Ext.(6~11→1),❌ 매칭 실패
Cimicifuga Rhizome Ext.,Cimicifuga_Rhizome
Cimicifuga Rhizome Trituration D2,Cimicifuga_Rhizome
Cinacalcet Hydrochloride,Cinacalcet_Hydrochloride
Cineole,Cinoxate
Cinnamomi Ramulus,Mori_Ramulus
Cinnamon Bark,Cinnamon_Bark
Cinnamon Bark Ext. Powder,Cinnamon_Bark
Cinnamon Bark Oil,Cinnamon_Bark
Ciprofloxacin Hydrochloride,Difloxacin_Hydrochloride
Clemastine Fumarate,Clemastine_Fumarate
Clematidis Radix,Clematidis_Radix
Clenbuterol Hydrochloride,Carbuterol_Hydrochloride
Clindamycin Hydrochloride,Clindamycin_Hydrochloride
Clomifene Citrate,Clomifene_Citrate
Clomipramine Hydrochloride,Clomipramine_Hydrochloride
Clonidine Hydrochloride,Apraclonidine_Hydrochloride
Clonixin Lysinate,Clonixin_Lysinate
Cloperastine Hydrochloride,Cloperastine_Hydrochloride
Clopidogrel Bisulfate,Clopidogrel_Bisulfate
Clopidogrel Napadisilate Monohydrate,Clopidogrel_Napadisilate_Monohydrate
Clopidogrel Resinate,Clopidogrel_Resinate
Cnidium Rhizome,Sparganium_Rhizome
Co-EnzymeQ10,Coenzyme_A
Coix Seed Dried Ext.,❌ 매칭 실패
Coix Seed Ext.(13→1),❌ 매칭 실패
Colchicine,Cochineal
Conjugated Estrogens,Conjugated_Estrogens
Copper Sulfate,Copper_Oleate
Coptis Rhizome,Scopolia_Rhizome
Coptis Rhizome Ext. Powder,Coptis_RhizomeㆍPhellodendron_Bark
Coptis Rhizome Powder,Coptis_RhizomeㆍPhellodendron_Bark
Corydalis tuber(5) & Pharbitis seed(1) 50% Ethanol Ext.,❌ 매칭 실패
Creosote. Citrus Unshiu Peel,❌ 매칭 실패
Crystallized Glucosamine Sulfate,Glucosamine_Sulfate
Cupric Oxide,Carperitide
Cupric Sulfate,Cupric_Sulfate_Hydrate
Cupric Sulfate Anhydrous,Calcium_Sulfate_Anhydrous
Cupric Sulfate Hydrate,Cupric_Sulfate_Hydrate
Cyanocobalamin 1%,Cyanocobalamin
Cyanocobalamin(1000倍散),Cyanocobalamin
Cyanocobalamin(100倍散),Cyanocobalamin
Cyclobenzaprine Hydrochloride,Cyclobenzaprine_Hydrochloride
Cyclophosphamide Hydrate,Cyclophosphamide_Hydrate
Cycloserine,Cyclosilate
Cyclosporine,Cyclopropane
Cyproheptadine Orotate,Cyproheptadine_Orotate
Cyproterone Acetate,Cyproterone_Acetate
Cytidine,Cycotiamine
D-Biotin,Dioxation
D-Biotin 1%,Dioxation
D-Chlorpheniramine Maleate,D-Chlorpheniramine_Maleate
D-Penicillamine,Penicillamine
D-α-Tocopherol,D-α-Tocopherol_Acetate
D-α-Tocopherol Acetate,D-α-Tocopherol_Acetate
DL-Carnitine Hydrochloride,DL-Carnitine_Hydrochloride
DL-Chlorpheniramine Maleate,D-Chlorpheniramine_Maleate
DL-Methionine,Methenamine
DL-Methylephedrine Hydrochloride,Methylphenidate_Hydrochloride
Dabigatran Etexilate Mesylate,Dabigatran_Etexilate_Mesylate
Dakadiastase N1　다가디아스타제N1　45mg Biotin,❌ 매칭 실패
Dapagliflozin Propanediol Hydrate,Dapagliflozin_Propanediol_Hydrate
Dapoxetine Hydrochloride,Dapoxetine_Hydrochloride
Deflazacort Micronized,Deflazacort
Desmopressin Acetate,Desmopressin_Acetate
Desogestrel,Desmoteplase
Desvenlafaxine Succinate Monohydrate,Desvenlafaxine_Succinate_Monohydrate
Dexbrompheniramine Maleate,Dexbrompheniramine_Maleate
Dexibuprofen,Benoxaprofen
Dexibuprofen D.C.,❌ 매칭 실패
Dextromethorphan Hydrobromide Hydrate,Dextromethorphan_Hydrobromide_Hydrate
Diastase·Protease,Diastase·protease
Diastase·Protease100,Diastase·protease
Diastase·Protease·Cellulase,Diastase·protease·cellulase
Diastase·Protease·Cellulase1000,Diastase·protease·cellulase
Diastase·Protease·Cellulase2000I,Diastase·protease·cellulase
Diastase·Protease·Cellulase2000IV,Diastase·protease·cellulase
Dibasic Calcium Phosphate,Tribasic_Calcium_Phosphate
Dibasic Calcium Phosphate Hydrate,Dibasic_Calcium_Phosphate_Hydrate
Diclofenac Sodium,Diclofenac_Sodium
Dicyclomine Hydrochloride,Spiclomazine_Hydrochloride
Digoxin,Dioxan
Dihydrocodeine Tartrate,Dihydrocodeine_Tartrate
Dihydroxydibutylether,Dihydroxyacetone
Diltiazem Hydrochloride,Diltiazem_Hydrochloride
Dimethicone,Dimethoate
Diosmin,Didanosine
Diphenhydramine Hydrochloride,Diphenhydramine_Hydrochloride
Dipotassium Glycyrrhizinate,Dipotassium_Glycyrrhizinate
Divalproex Sodium,Divalproex_Sodium
Dizet 100,❌ 매칭 실패
Dobesilate Calcium Hydrate,Dobesilate_Calcium_Hydrate
Docusate Sodium,Docusate_Sodium
Domperidone,Domperidone_Maleate
Domperidone Maleate,Domperidone_Maleate
Donepezil Hydrochloride,Delapril_Hydrochloride
Donepezil Hydrochloride Monohydrate,Donepezil_Hydrochloride_Monohydrate
Doxazosin Mesylate,Doxazosin_Mesilate
Doxepin Hydrochloride,Dapoxetine_Hydrochloride
Doxofylline,Suxamidofylline
Doxycycline Hyclate,Doxycycline_Hydrate
Doxycycline Hydrate,Doxycycline_Hydrate
Doxylamine Succinate,Doxylamine_Succinate
Dried Aluminum Hydroxide Gel,Aluminum_Hydroxide
Dried Ergocalciferol,Ergocalciferol
Dried Ergocalciferol Gr.,Ergocalciferol
Dried Ergocalciferol Powder,Ergocalciferol
Dried Ferrous Sulfate,Dried_Ferrous_Sulfate
Dried Ginseng Ext. (6.7→1),❌ 매칭 실패
Dried Liver Powder,❌ 매칭 실패
Dried Retinol Acetate,Retinol_Acetate
Dried Tocopherol 50% TYPE SD,❌ 매칭 실패
Dried Tocopherol Acetate 50%,Tocopherol_Acetate
Dried Vitamine E 50%,❌ 매칭 실패
Dried Yeast,Yeast
Dronedarone Hydrochloride,Dronedarone_Hydrochloride
Duloxetine Hydrochloride,Dapoxetine_Hydrochloride
Dydrogesterone,Aldosterone
Ecabet Sodium,Ecabet_Sodium_Hydrate
Echinacea Angustifol Tinc. D2,❌ 매칭 실패
Echinacea Purpurea Herba Tinc.,❌ 매칭 실패
Echinacea Purpurea Root Tinc.,❌ 매칭 실패
Echinacea Purpurea Tinc. D2,❌ 매칭 실패
Edoxaban Tosylate Hydrate,Edoxaban_Besilate_Hydrate
Emedastine Fumarate pellet,Emedastine_Difumarate
Enalapril Maleate,Enalapril_Maleate
Entecavir Hydrate,Peramivir_Hydrate
Enterococcus Faecium Strain Cernelle 68,Enterococcus_Faecium
Eperisone Hydrochloride,Eprazinone_Hydrochloride
Ephedra Herb,Ephedra_Herb
Ephedrine Hydrochloride,Orphenadrine_Hydrochloride
Epimedium Herb 35% Ethanol Ext.,❌ 매칭 실패
Epinastine Hydrochloride,Epinastine_Hydrochloride
Eprosartan Mesylate,Eprosartan_Mesilate
Erdosteine,Prostalene
Ergocalciferol Gr.,Ergocalciferol
Ergotamine Tartrate,Ergotamine_Tartrate
Eriobotryae Folium,Eriobotrya_Leaf
Escitalopram Oxalate,Escitalopram_Oxalate
Esomeprazole Magnesium Dihydrate,Esomeprazole_Magnesium_Dihydrate
Esomeprazole Magnesium Trihydrate,Esomeprazole_Magnesium_Trihydrate
Estradiol Hemihydrate,Estradiol_Hemihydrate
Estradiol Valerate,Estradiol_Valerate
Ethambutol Hydrochloride,Ethambutol_Hydrochloride
Ethambutol hydrochloride,Ethambutol_Hydrochloride
Ethinyl Estradiol,Ethinylestradiol
Ethosuximide,Ethionamide
Ethyl Aminobenzoate,Ethyl_Aminobenzoate
Etidronate Disodium,Etidronate_Disodium
Etodolac Micronized,❌ 매칭 실패
Etoricoxib,Emtricitabine
Evening Primrose Oil,❌ 매칭 실패
Evogliptin Tartrate,Evogliptin_Tartrate
Ezetimibe,Tetridamine
Felodipine,Amlodipine_
Fenchone,Ferrocholinate
Fennel Oil,❌ 매칭 실패
Fenofibrate Gr. Micronized,❌ 매칭 실패
Fenofibrate Granule (Micronized),❌ 매칭 실패
Fenofibrate Micronized Round Granule,❌ 매칭 실패
Fenofibric Acid,Fenofibric_Acid
Fenoverine,Caroverine
Ferritin Ext.,❌ 매칭 실패
Ferrous Fumarate,Ferrous_Fumarate
Ferrous Gluconate Hydrate,Ferrous_Gluconate_Hydrate
Ferrous Sulfate Enteric Coated Tablet,Ferrous_Sulfate_Hydrate
Fesoterodine Fumarate,Fesoterodine_Fumarate
Fexofenadine Hydrochloride,Fexofenadine_Hydrochloride
Fimasartan Potassium Hydrate,Fimasartan_Potassium
Fimasartan Potassium Trihydrate,Fimasartan_Potassium
Fimasartan Potassium Trihydrate Granule,Fimasartan_Potassium
Flavoxate Hydrochloride,Flavoxate_Hydrochloride
Flecainide Acetate,Flecainide_Acetate
Flubendazol,Flubendazole
Fludrocortisone Acetate Micronized,Fludrocortisone_Acetate
Flunarizine Hydrochloride,Flunarizine_Dihydrochloride
Fluoxetine Hydrochloride,Dapoxetine_Hydrochloride
Flurbiprofen,Flunoxaprofen
Fluvastatin Sodium,Fluvastatin_Sodium
Fluvoxamine Maleate,Fluvoxamine_Maleate
Folic Acid,Folic_Acid
Formoterol Fumarate,Xamoterol_Fumarate
Formoterol Fumarate Hydrate,Formoterol_Fumarate_Hydrate
Forsythia Fruit,Forsythia_Fruit
Freeze-Dried Lactobacillus casei var. Rhamnosus Culture,Lactobacillus_casei_var._Rhamnosus
Frovatriptan Succinate Monohydrate,Frovatriptan_Succinate
Furosemide,Azosemide
Fursultiamine Hydrochloride,Fursultiamine_Hydrochloride
Galantamine Hydrobromide,Galantamine_Hydrobromide
Galgeun-Tang Ext.(10→1),❌ 매칭 실패
Galgeun-Tang Soft Ext.(4.32→1),❌ 매칭 실패
Gardenia Fruit,Gardenia_Fruit
Garlic Oil,Garlic_Oil
Gazelle Horn,"Gazelle_Horn,_Antelope"
Gemfibrozil,Pirozadil
Gemifloxacin Mesylate,Gemifloxacin_Mesilate
Gemigliptin Tartrate Sesquihydrate,Gemigliptin_Tartrate
Gentian Root,Glehnia_Root
Gentian Root Powder,Gentian_Root_and_Rhizome
Gestodene,Gavestinel
Ginger,Raw_Ginger
Ginkgo Leaf Ext.,Ginkgo_Leaf
Ginseng,Mianserin
Ginseng 30% Ethanol Ext.,❌ 매칭 실패
Glimepiride,Difenpiramide
Glipizide,Gliclazide
Glutathione(Reducted),Glutathione(Reduced)
Glycine,Glaucine
Glycine Semen Preparatum,Glycine_Semen_Preparatum
Goldenrod Extract(4~7→1)Maltodextrin Mixture(9:1),❌ 매칭 실패
Granisetron Hydrochloride,Granisetron_Hydrochloride
Green Tea 80% Ethanol Ext.,❌ 매칭 실패
Green Tea Powder,Green_Tea
Gypsum,❌ 매칭 실패
Hamamelis Tinc. D2,Hamamelis
Harpagophytum Root Ext.,Harpagophytum_Root
Hedera Helicis Folia 30% Ethanol Dried Ext.,❌ 매칭 실패
Hepar Sulfuris D3,❌ 매칭 실패
Hydralazine Hydrochloride,Hydralazine_Hydrochloride
Hydrocortisone,Hydrocortisone_Acetate
Hydroxocobalamin Acetate,Hydroxocobalamin_Acetate
Hydroxocobalamin Acetate. Pyridoxal Phosphate,Hydroxocobalamin_Acetate
Hydroxychloroquine Sulfate,Hydroxychloroquine_Sulfate
Hydroxyzine Hydrochloride,Hydroxylamine_hydrochloride
Hyperici 80% Methanol Ext.,❌ 매칭 실패
Hypericum Tinc. D2,❌ 매칭 실패
Ibandronate Sodium Monohydrate,Ibandronate_Sodium_Monohydrate
Ibuprofen,Ibufenac
Ibuprofen arginine,Ibuprofen_Arginine
Ignatia Trituration D3,❌ 매칭 실패
Imidazole Salicylate,Imidazole_Salicylate
Imipramine Hydrochloride,Imipramine_Hydrochloride
Indobufene,Ibufenac
Inosiplex,❌ 매칭 실패
Inositol,Iotrolan
Inositol Nicotinate,Inositol_Nicotinate
Ipragliflozin L-Proline,Ipragliflozin_L-proline
Iron Acetyl Transferrin,Iron_Acetyl_Transferrin
Irsogladine Maleate,Irsogladine_Maleate
Isosorbide Dinitrate,Isosorbide_Dinitrate
Isosorbide Dinitrate S.R. Granule,Isosorbide_Dinitrate
Isosorbide-5-Mononitrate 90%,Isosorbide_Mononitrate
Isotretinoin,Alitretinoin
Itopride Hydrochloride,Batanopride_Hydrochloride
Ivabradine Hydrochloride,Ivabradine_Hydrochloride
Jujube,❌ 매칭 실패
Jujube Licorice,Licorice
Ketorolac Tromethamine,Ketorolac_Tromethamine
Ketotifen Fumarate,Ketotifen_Fumarate
L-Arginine Hydrochloride,L-Arginine_Hydrochloride
L-Carbocysteine,L-Carbocisteine
L-Citrulline,L-Carnitine
L-Cysteine,L-Cysteine_Malate
L-Cystine,L-Carnitine
L-Glutamic Acid,L-Glutamic_Acid
L-Glutamine,Glutamine
L-Histidine,p-Anisidine
L-Isoleucine,Isoflurane
L-Leucine,❌ 매칭 실패
L-Lysine Acetate,L-Lysine_Acetate
L-Lysine Hydrochloride,Lurasidone_Hydrochloride
L-Methionine,Methenamine
L-Threonine,L-Arginine
L-Tyrosine,Tyrosinase
Lactobacillus Sporogenes,Lactobacillus_Sporogenes
Lansoprazole Gr.,Lansoprazole
Lanthanum Carbonate,Lanthanum_Carbonate
Leflunomide,Lenalidomide
Lercanidipine Hydrochloride,Lercanidipine_Hydrochloride
Letrozole,Metronidazole
Levocetirizine Hydrochloride,Levomepromazine_Hydrochloride
Levodropropizine,Paroxypropione
Levofloxacin Hydrate,Levofloxacin_Hydrate
Levonorgestrel,❌ 매칭 실패
Levosulpiride,Amisulpride
Levothyroxine Sodium Hydrate,Levothyroxine_Sodium_Hydrate
Licorice Ext. Powder,❌ 매칭 실패
Light Magnesium Oxide,Magnesium_Oxide
Limaprost Alfadex,Limaprost_Alfadex
Liothyronine Sodium,Levothyroxine_Sodium_Hydrate
Lipase 100,Lipase
Lipase AP6,Lipase
LipaseⅡ,Lipase
Liriope Tuber,❌ 매칭 실패
Lisinopril Hydrate,Lisinopril_Hydrate
Lithium Carbonate,Lithium_Carbonate
Liver Concentrate,Glutaral_Concentrate
Liver Fraction 2,❌ 매칭 실패
Liver Hydrolysate(4→1),Liver_Hydrolysate
Lobeglitazone Sulfate,Lobeglitazone_Sulfate
Lonicera Flower,Lonicera_Flower
Loperamide Hydrochloride,Loperamide_Hydrochloride
Lophatheri Herba,Lophatheri_Herba
Losartan potassium,Losartan_Potassium
Loxoprofen Sodium Hydrate,Loxoprofen_Sodium_Hydrate
Lysozyme Chloride,Asoxime_Chloride
Magnesium Aluminometasilicate,Magnesium_Aluminometasilicate
Magnesium Carbonate,Magnesium_Carbonate
Magnesium Citrate,Magnesium_Citrate
Magnesium Glycerophosphate,Magnesium_Glycerophosphate
Magnesium Hydrogen Phosphate Hydrate,Magnesium_Hydrogen_Phosphate_Trihydrate
Magnesium Hydroxide,Magnesium_Hydroxide
Magnesium Lactate Hydrate,Magnesium_Lactate_Hydrate
Magnesium Oxide,Magnesium_Oxide
Magnesium Potassium L-Aspartate,Magnesium_Potassium_L-Aspartate
Magnesium Valproate,Magnesium_Valproate
Magnolia Bark 75% Ethanol Soft Ext.(5→1),❌ 매칭 실패
Magnolia Bud,Magnolia_Bud
Magnolia Bud Dried Ext.,Magnolia_Bud
Manganese Dioxide,Manganese_Dioxide
Manganese Sulfate,Manganese_Sulfate_Hydrate
Manganse Sulfate Hydrate,Manganese_Sulfate_Hydrate
Manidipine Hydrochloride,Manidipine_Hydrochloride
Meclizine Hydrochloride Hydrate,Meclizine_Hydrochloride_Hydrate
Medicinal Carbon,Medicinal_Carbon
Medicinal Yeast,Medicinal_Soap
Mefenamic Acid,Mefenamic_Acid
Memantine Hydrochloride,Memantine_Hydrochloride
Mentha Herb,Mentha_Herb
Mentha Oil,Mentha_Oil
Menthol,Methanol
Menthone,Methadone
Mercaptopurine Hydrate,Mercaptopurine_Hydrate
Mercur Solub Hahnem D6,❌ 매칭 실패
Mesoglycan Sodium,Mesoglycan_Sodium
Metformin Hydrochloride,Methoxamine_Hydrochloride
Methimazole,2-Methylimidazole
Methyl-N,Methanol
Methylenediphosphonic Acid,Methylenediphosphonic_Acid
Methylol Cephalexin Lysinate,Methylol_Cefalexin_Lysinate
Methylprednisolone,Methylprednisolone_Acetate
Metoprolol Tartrate,Metoprolol_Tartrate
Mg Trihydrate Salt of Chenodesoxycholic Acid & Ursodesoxycholic Acid,Mg_Trihydrate_Salt_of_Chenodeoxycholic_Acid_&_Ursodeoxycholic_Acid
Midodrine Hydrochloride,Moxaverine_Hydrochloride
Milk-thistle Dried Ext. Powder,❌ 매칭 실패
Milk-thistle Ext.,❌ 매칭 실패
Millefolium Tinc. D3,❌ 매칭 실패
Milnacipran Hydrochloride,Milnacipran_Hydrochloride
Minocycline Hydrochloride,Methacycline_Hydrochloride
Minoxidil,Pinacidil
Misoprostol,Masoprocol
Misoprostol(100倍散),❌ 매칭 실패
Molsidomine,Melarsomine
Molybden in Dried Yeast,Molybden_in_Dried_Yeast
Montelukast Sodium,Montelukast_Sodium
Mosapride Citrate Dihydrate,Mosapride_Citrate_Dihydrate
Mosapride Citrate Hydrate,Mosapride_Citrate_Dihydrate
Moutan Root Bark,Moutan_Root_Bark
Moxifloxacin Hydrochloride,Moxifloxacin_Hydrochloride
Mycophenolate Mofetil,Mycophenolate_Mofetil
Mycophenolate Sodium,Mycophenolate_Sodium
N-Acetyl -L-Aspartic Acid,N-Acetyl-L-Aspartic_Acid
Nafronyl Oxalate,Nafronyl_Oxalate
Naltrexone Hydrochloride,Naltrexone_Hydrochloride
Naproxen Sodium,Naproxen_Sodium
Naratriptan Hydrochloride,Naratriptan_Hydrochloride
Natrii Sulfas,Natrii_Sulfas
Nebivolol Hydrochloride,Bevantolol_Hydrochloride
Nefopam Hydrochloride,Nefopam_Hydrochloride
Neltenexine Monohydrate,Neltenexine_Monohydrate
Nicergoline,Cianergoline
Nicotinamide 99.5%,Nicotinamide
Nicotinamide(3倍散),Nicotinamide
Nifedipine,Nilvadipine
Nimodipine,Nilvadipine
Nitroglycerin Diluted,❌ 매칭 실패
Nortriptyline Hydrochloride,Amitriptyline_Hydrochloride
Noscapine Hydrochloride,Cocaine_Hydrochloride
Octylonium Bromide,Ambutonium_Bromide
Olanzapine Micronized,Olanzapine
Olmesartan Medoxomil,Olmesartan_Medoxomil
Olopatadine Hydrochloride,Olopatadine_Hydrochloride
Omega-3-Acid Ethyl Esters90,Omega-3-acid_Ethyl_Esters_90
Omeprazole Enteric Coated Gr.,❌ 매칭 실패
Ondansetron Hydrochloride Dihydrate,Ondansetron_Hydrochloride_Hydrate
Oriental Bezoar,❌ 매칭 실패
Orotic Acid,Bromic_Acid
Orotic Acid Monohydrate,Orotic_Acid_Monohydrate
Orphenadrine Citrate,Orphenadrine_Citrate
Orphenadrine Hydrochloride,Orphenadrine_Hydrochloride
Orthosiphon Powder,❌ 매칭 실패
Orthosiphonis Folium Extract(5∼7→1)·Spray Dried Glucose Solution Mixture(9:1),❌ 매칭 실패
Oseltamivir Phosphate,Oseltamivir_Phosphate
Oseltamivir Phosphatee,Oseltamivir_Phosphate
Oteracil Potassium,Oteracil_potassium
Ox Bile Ext.,❌ 매칭 실패
Ox Bile Powder,❌ 매칭 실패
Pancellase SS,Pancellase
Pancrease Powder,Pancrease
Pancreatin Enteric Coated Pellets,❌ 매칭 실패
Pancreatin Enteric Coated Tablet,❌ 매칭 실패
Pancreatin Enteric Gr.,Pancreatin
Pancreatin I,Pancreatin
Panprosin SS,Panprosin
Pantoprazole Sodium Sesquihydrate,Pantoprazole_Sodium_Sesquihydrate
Papaverine Hydrochloride,Papaverine_Hydrochloride
Paroxetine Hydrochloride Hydrate,Paroxetine_Hydrochloride_Hydrate
Pelargonium Sidoides 11% Ethanol Extract(1→8~10),❌ 매칭 실패
Pelargonium Sidoides 11% Ethanol Extract(1→8~10)ㆍMaltodextrin Mixed Solution(1:4.56),❌ 매칭 실패
Pelubiprofen,Alminoprofen
Pentosan Polysulfate Sodium,Pentosan_Polysulfate_Sodium
Pentoxifylline,Acepifylline
Peony Root,Polygala_Root
Peony Root Ext. Powder,❌ 매칭 실패
Peony Root Powder,❌ 매칭 실패
Perindopril Arginine,Perindopril_Arginine
Perindopril Tert-Butylamine,Perindopril_tert-butylamine
Phellodendron Bark,Phellodendron_Bark
Phenylephrine Hydrochloride,Phenylhydrazine_Hydrochloride
Phenytoin,Phenovalin
Phloroglucinol,Phloroglucinol_Hydrate
Phloroglucinol Hydrate,Phloroglucinol_Hydrate
Phytonadione 5%,Phytonadione
Phytonadione Dried Powder 5%,Phytonadione
Pilocarpine Hydrochloride,Pilocarpine_Hydrochloride
Pimozide,Pimonidazole
Pinaverium Bromide,Pinaverium_Bromide
Pinellia Tuber,Pinellia_Tuber
Pinene,Panipenem
Pioglitazone Hydrochloride,Pioglitazone_Hydrochloride
Pirfenidone,Piretanide
Piroxicam β-Cyclodextrin,Hydroxypropyl-gamma-cyclodextrin
Pitavastatin Calcium,Pitavastatin_Calcium
Pivoxil Sulbactam,Sulbactam
Plantago Seed,Plantago_Seed
Platycodon Root,Platycodon_Root
Platycodon Root 50% Ethanol Dried Ext. (10→1),❌ 매칭 실패
Platycodon Root Ext. Powder,Platycodon_Root
Polycarbophil Calcium,Polycarbophil
Polygala Root,Polygala_Root
Polysaccharide Iron Complex,Polysaccharide_Iron_Complex
Poncirus Fruit,Poncirus_Immature_Fruit
Potassium Chloride,Potassium_Chloride
Potassium Citrate Hydrate,Potassium_Citrate_Hydrate
Potassium Clavulanate,Potassium_Cyanate
Potassium Clavulanate Diluted,Potassium_Cyanate
Potassium Guaiacolsulfonate,Potassium_Guaiacolsulfonate
Potassium Iodide,Potassium_Iodide
Potassium Sulfate,Potassium_Sulfate
Powdered Atractylodes Rhizoma,Atractylodes_Rhizome
Powdered Cinnamon Bark,Cinnamon_Bark
Powdered Cyperus Rhizome,❌ 매칭 실패
Powdered Geranium Herb,Geranium_Herb
Powdered Ginger,❌ 매칭 실패
Powdered Licorice,Licorice
Powdered Peony Root,❌ 매칭 실패
Powdered Platycodon Root,Platycodon_Root
Powdered Polygala Root,Polygala_Root
Powdered Poria,❌ 매칭 실패
Powdered Poria Pyridoxine Hydrochloride,Pyridoxamine_Hydrochloride
Powdered Senna Leaf,❌ 매칭 실패
Pramipexole Hydrochloride Monohydrate,Tramazoline_Hydrochloride_Monohydrate
Pramoxine Hydrochloride,Pramoxine_Hydrochloride
Pranlukast Hydrate,Pranlukast_Hydrate
Prasugrel Hydrochloride,Prasugrel_Hydrochloride
Pravastatin Sodium,Pravastatin_Sodium
Prednisolone,Prednisolone_Acetate
Primaquine Phosphate,Primaquine_Phosphate
Primidone,Nafimidone
Procaterol Hydrochloride Hydrate,Procaterol_Hydrochloride_Hydrate
Procyclidine Hydrochloride,Aceclidine_Hydrochloride
Progesterone Micronized,❌ 매칭 실패
Proglumetacin Maleate,Proglumetacin_Dimaleate
Proguanil Hydrochloride,Proguanil_Hydrochloride
Propafenone Hydrochloride,Propafenone_Hydrochloride
Propiverine Hydrochloride,Pramiverin_Hydrochloride
Propranolol Hydrochloride,Propranolol_Hydrochloride
Prozyme,Pancreozymin
Prozyme 6,❌ 매칭 실패
Prucalopride Succinate,Prucalopride_Succinate
Prunella Spike 30%,Prunella_Spike
Prunus Bark,Prunus_Bark
Pseudoephedrine HCl,Pseudoephedrine_Sulfate
Pseudoephedrine Hydrochloride,Isoetharine_Hydrochloride
Pseudoephedrine Sulfate,Pseudoephedrine_Sulfate
Pulvis Aconiti Tuberis Purificatum Powder,❌ 매칭 실패
Purified and Micronized Flavonoid Fraction,❌ 매칭 실패
Pyridostigmine Bromide,Propyromazine_Bromide
Pyridoxal Phosphate,Pyridoxal_Phosphate_Hydrate
Pyridoxal Phosphate Hydrate,Pyridoxal_Phosphate_Hydrate
Pyridoxine Hydrochloride,Pyridoxamine_Hydrochloride
Pyridoxine Hydrochloride 97% Gr.,Pyridoxamine_Hydrochloride
Pyridoxine Hydrochloride(3倍散),Pyridoxamine_Hydrochloride
Quetiapine Fumarate,Quetiapine_Fumarate
R-Thioctic Acid Tromethamine,R-Thioctic_Acid_Tromethamine
Rabeprazole Sodium,Rabeprazole_Sodium
Raloxifene Hydrochloride,Raloxifene_Hydrochloride
Ramosetron Hydrochloride,Ramosetron_Hydrochloride
Ranitidine Hydrochloride,Ranitidine_Hydrochloride
Rasagiline Mesylate,Rasagiline_Mesylate
Raw Ginger,Raw_Ginger
Raw Ginger Ext. Powder,❌ 매칭 실패
Red Clover Dried Ext.,❌ 매칭 실패
Red Ginseng 30% Ethanol Dried Ext.,❌ 매칭 실패
Rehmannia Root,Rehmannia_Root
Restarrow Root Extract(5~8→1) Lactose Hydrate Mixture(4:1),❌ 매칭 실패
Retinol Acetate,Retinol_Acetate
Retinol Acetate Gr.,Retinol_Acetate
Retinol Acetate Powder,Retinol_Acetate
Retinol Palmitate,Retinol_Palmitate
Retinol Palmitate Concentrated Powder,❌ 매칭 실패
Retinol Palmitate Gr.,Retinol_Palmitate
Retinol Palmitate Oil,Retinol_Palmitate
Rhubarb Ext.,Rhubarb
Riboflavin Butyrate,Riboflavin_Butyrate
Riboflavin Phosphate Sodium,Riboflavin_Phosphate
Riboflavin(3倍散),Riboflavin
Riluzole,Sabeluzole
Risedronate Sodium,Risedronate_Sodium
Risedronate Sodium 2.5 Hydrate,Risedronate_Sodium_2.5_Hydrate
Risedronate Sodium Monohydrate,Risedronate_Sodium_Monohydrate
Risperidone,Paliperidone
Rivaroxaban Micronized,Rivaroxaban
Rivastigmine Hydrogen Tartrate,Rivastigmine_Tartrate
Ropinirole Hydrochloride,Loxapine_Hydrochloride
Rosuvastatin Calcium,Rosuvastatin_Calcium
Roxatidine Acetate Hydrochloride,Roxatidine_Acetate_Hydrochloride
Roxithromycin,Rokitamycin
Royal Jelly,Royal_Jelly
S-Adenosyl-L-Methionine Sulfate-P-Toluensulfonate,S-Adenosyl-L-methionine-sulfate-tosilate
S-Amlodipine Besylate,S-Amlodipine_Besylate
S-Amlodipine Besylate 2.5 Hydrate,S-Amlodipine_Besylate_Dihydrate
S-Amlodipine Besylate Dihydrate,S-Amlodipine_Besylate_Dihydrate
S-Amlodipine Nicotinate,S-Amlodipine_Nicotinate
S-Pantoprazole Sodium Trihydrate,S-Pantoprazole_Sodium_Trihydrate
S-diacetylcysteine,Acetylcysteine
S-omeprazole Strontium Tetrahydrate,Esomeprazole_Strontium_Tetrahydrate
Saccharomyces Boulardii,Saccharomyces_Boulardii
Sacubitril/valsartan (combined as a sodium salt hydrate complex),❌ 매칭 실패
Safflower Oil,Safflower_Oil
Saint John's Wort 80% Methanol Ext.,❌ 매칭 실패
Salbutamol Sulfate,Salbutamol_Sulfate
Salvia Miltiorrhiza Root,Salvia_Miltiorrhiza_Root
Sanguinaria Trituration D6,❌ 매칭 실패
Saposhnikovia Root,Saposhnikovia_Root
Sarpogrelate Hydrochloride,Sarpogrelate_Hydrochloride
Saw Palmetto Ext.,Saw_Palmetto_Fruit
Saxagliptin Monohydrate,Saxagliptin_Monohydrate
Schisandra Fruit,Schisandra_Fruit
Schizonepeta Spike,Schizonepeta_Spike
Scopolamine Butylbromide,Scopolamine_Butylbromide
Scopolamine Hydrobromide,Scopolamine_Hydrobromide_Hydrate
Scopolamine Hydrobromide Hydrate,Scopolamine_Hydrobromide_Hydrate
Scopolia Ext.,Scopolia_Leaf
Scopolia Ext. Powder,❌ 매칭 실패
Scopolia Ext.(10倍散),❌ 매칭 실패
Scrophularia Root,Scrophularia_Root
Scutellaria Root,Scutellaria_Root
Selegiline Hydrochloride,Salverine_Hydrochloride
Selenium Powder 0.1%,❌ 매칭 실패
Selenium in Dried Yeast,Selenium_in_Dried_Yeast
Senna Leaf,Henna_Leaf
Senna Methanol Dried Ext.(1000→7),❌ 매칭 실패
Sennae Fructus Powder,❌ 매칭 실패
Sennoside Calcium,Sennoside_Calcium
Sepia Trituration D2,❌ 매칭 실패
Sertraline Hydrochloride,Sertraline_Hydrochloride
Sevelamer Carbonate,Sevelamer_Carbonate
Sildenafil Citrate,Sildenafil_Citrate
Silodosin,Tibalosin
Simethicone,Trimethadione
Simethicone Powder,❌ 매칭 실패
Sinomenium Stem,Sinomenium_Stem_and_Rhizome
Sitagliptin Phosphate Hydrate,Sitagliptin_Phosphate
Snake Oil,Snake_Oil
Sobrerol,Solriamfetol
Sodium Alendronate Hydrate,Sodium_Alendronate_Hydrate
Sodium Bicarbonate,Sodium_Bicarbonate
Sodium Ferric Gluconate complex,Sodium_Ferric_Gluconate_complex
Sodium Fusidate,Sodium_Fusidate
Sodium Molybdate,Sodium_Molybdate_Hydrate
Sodium Molybdate Hydrate,Sodium_Molybdate_Hydrate
Sodium Picosulfate Hydrate,Sodium_Picosulfate_Hydrate
Sodium Selenate,Sodium_Selenate
Sodium Tianeptine,Sodium_Diacetate
Sodium Valproate,Sodium_Valproate
Solifenacin Succinate,Solifenacin_Succinate
Soluble Azulene,Soluble_Azulene
Sotalol Hydrochloride,Sotalol_Hydrochloride
Spherical Adsorptive Carbon,Spherical_Adsorptive_Carbon
Standardized Lyophyllized of Bacterial Lysate,❌ 매칭 실패
Streptococcus Faecalis F-100,Streptococcus_Faecalis
Streptokinase · Streptodornase,Streptokinase_·_Streptodornase
Streptokinase·Streptodornase Powder,Streptokinase_·_Streptodornase
Sucralfate,Sucralose
Sulfur,Sulfiram
Sulodexide,Sulfadoxine
Sulpiride,Sulfapyridine
Sultamicillin Tosylate Hydrate,Sultamicillin_Tosilate_Hydrate
Sumatriptan Succinate,Sumatriptan_Succinate
Symphytum Tinc. D8,❌ 매칭 실패
Tacrolimus Hydrate,Tacrolimus_Hydrate
Tamoxifen Citrate,Tamoxifen_Citrate
Tamsulosin Hydrochloride,Tamsulosin_Hydrochloride
Telbivudine,Lamivudine
Teneligliptin Hydrobromide Hydrate,Teneligliptin_hydrobromide_hydrate
Tenofovir Disoproxil,Tenofovir_Disoproxil_Orotate
Tenofovir Disoproxil Fumarate,Tenofovir_Disoproxil_Fumarate
Teprenone,Terfenadine
Terazosin Hydrochloride Hydrate,Terazosin_Hydrochloride_Hydrate
Terbinafine Hydrochloride,Terbinafine_Hydrochloride
Testosterone Enanthate,Testosterone_Enanthate
Tetracycline Hydrochloride,Tetracycline_Hydrochloride
Theae Folium Powder,❌ 매칭 실패
Theobromine,Theobroma
Theophylline Anhydrous,Aminophylline_Anhydrous
Thi,Thiram
Thiamine Hydrochloride,Thiamine_Hydrochloride
Thiamine Mononitrate 97% Gr.,Thiamine_Nitrate
Thiamine Nitrate,Thiamine_Nitrate
Thiamine Nitrate Rocoat,Thiamine_Nitrate
Thiamine Nitrate(3倍散),Thiamine_Nitrate
Thioctic Acid,Thioctic_Acid
Thujae Semen,Thuja_Seed
Tibolone,Tolcapone
Tinnevelly Senna Fruit,❌ 매칭 실패
Tinnevelly Senna Fruit Powder,❌ 매칭 실패
Tipepidine Hibenzate,Tipepidine_Hibenzate
Tiropramide Hydrochloride,Tiropramide_Hydrochloride
Titrated Ext. of Avocado-Soya Unsaponifiables,Avocado/Soya_Unsaponifiable(ASU)
Titrated Ext. of Centella Asiatica,❌ 매칭 실패
Titrated Ext. of the Unsaponifiable Fraction of Zea mays,Titrated_Extract_of_Zea_Mays_L._Unsaponifiable_Fraction
Titrated Ext. of the Unsaponifiable Fraction of Zea mays L.,Titrated_Extract_of_Zea_Mays_L._Unsaponifiable_Fraction
Tizanidine Hydrochloride,Tizanidine_Hydrochloride
Tocopherol,Tocopherol_Acetate
Tocopherol Acetate,Tocopherol_Acetate
Tocopherol Acetate 50%,Tocopherol_Acetate
Tocopherol Acetate 50% Gr.,Tocopherol_Acetate
Tocopherol Acetate Gr. 50%,Tocopherol_Acetate
Tocopherol Succinate Calcium,Tocopherol_Succinate
Torasemide,Tripamide
Toremifene Citrate,Toremifene_Citrate
Tosufloxacin Tosylate Hydrate,Tosufloxacin_Tosilate_Hydrate
Tramadol Hydrochloride,Tramadol_Hydrochloride
Tranexamic Acid,Tranexamic_Acid
Trazodone Hydrochloride,Trazodone_Hydrochloride
Tretinoin,Alitretinoin
Trichosanthes Root,Trichosanthes_Root
Trichosanthes Seed Ext. Powder,Trichosanthes_Seed
Trihexyphenidyl Hydrochloride,Trimethobenzamide_Hydrochloride
Trimebutine,Trimethadione
Trimebutine Maleate,Trimebutine_Maleate
Trimetazidine Hydrochloride,Trimetazidine_Hydrochloride
Trimethoprim,Trimethoprim_Sulfate
Trimethylphloroglucinol,Dimethyl_Dichlorosilane
Trimetoquinol Hydrochloride Hydrate,Trimetoquinol_Hydrochloride_Hydrate
Tripotassium Bismuth Dicitrate,Tripotassium_Bismuth_Dicitrate
Triprolidine Hydrochloride Hydrate,Triprolidine_Hydrochloride_Hydrate
Trospium Chloride,Barium_Chloride
Trypsin,Tryparsamide
Trypsin Crystalline,❌ 매칭 실패
Ubidecarenone 10%,Ubidecarenone
Ulipristal Acetate,Ulipristal_Acetate
Unsaponifiable Matter of Soybean Oil,Unsaponifiable_Matter_of_Soybean_Oil
Uridine,Fampridine
Ursodeoxycholic Acid,Ursodeoxycholic_Acid
Valacyclovir Hydrochloride,Valaciclovir_Hydrochloride
Valacyclovir Hydrochloride Sesquihydrate,Valaciclovir_Hydrochloride
Valproic Acid,Valproic_Acid
Vancomycin Hydrochloride,Vancomycin_Hydrochloride
Varenicline Tartrate,Varenicline_Tartrate
Venlafaxine Hydrochloride,Venlafaxine_Hydrochloride
Venlafaxine Hydrochloride S.R. Gr.,Venlafaxine_Hydrochloride
Verapamil Hydrochloride,Verapamil_Hydrochloride
Vitamin A Acetate Granule,Vitamin_K5_Acetate
Vitamin A Oil,Vitamin_A_Oil
Vitamin E,Vitamin_D
Vitamin E Preparation,❌ 매칭 실패
Vitis Vinifera Leaf Dry Ext.,Vitis_Vinifera_Leaf
Vitis Vinifera Leaf Dry Ext.(4-6→1),Vitis_Vinifera_Leaf
Vitis Vinifera Leaf Ext.,Vitis_Vinifera_Leaf
Vitis Vinifera Seed Dried Ext.,Vitis_Vinifera_Seed
Voglibose,❌ 매칭 실패
Vortioxetine Hydrobromide,Homatropine_Hydrobromide
Warfarin Sodium,Warfarin_Sodium
Zinc Citrate Trihydrate,Zinc_Citrate_Trihydrate
Zinc Oxide,Sincalide
Zinc Sulfate,Dried_Zinc_Sulfate
Zinc Sulfate Hydrate,Zinc_Sulfate_Hydrate
Zinc Sulfate Monohydrate,Zinc_Sulfate_Monohydrate
Ziprasidone Hydrochloride Monohydrate,Tiagabine_Hydrochloride_Monohydrate
Zizyphus Seed,Raphanus_Seed
Zofenopril Calcium,Zofenopril_Calcium
Zotepine,Clotiapine
angelicae gigantis radix,❌ 매칭 실패
antelopis cornu,❌ 매칭 실패
arctium fruit,Arctium_Fruit
atractylodis rhizoma alba,Atractylodes_Rhizome
banggiwhanggitang dried ext. (7.52→1),❌ 매칭 실패
cnidii rhizoma,Cirsii_Rhizoma
cynanchi radix,Cynanchi_Radix
ephedra herb,Ephedra_Herb
forsythiae fructus,Forsythia_Fruit
gardenia fruit,Gardenia_Fruit
glycyrrhiza,Sodium_Glycyrrhizinate
gypsum,❌ 매칭 실패
hop 45% methanol dry extract (7~10→1)ㆍmaltodextrinㆍanhydrous colloidal silicon dioxide mixture (70:29.8:0.2),❌ 매칭 실패
isoniazid,Isoniazid
licorice,Licorice
lonicerae flos,Lonicera_Flower
lophatheri herba,Lophatheri_Herba
mentha herb,Mentha_Herb
p-Aminobenzoic Acid,p-Aminobenzoic_Acid
paeoniae radix,Stemonae_Radix
paeoniae radix alba,❌ 매칭 실패
platycodi radix,❌ 매칭 실패
platycodon root,Platycodon_Root
ponciri fructus,❌ 매칭 실패
pyrazinamide,Pyrazinamide
rhei rhizoma,Cirsii_Rhizoma
rifampicin,Rifampicin
saposhnikoviae radix,Saposhnikovia_Root
saposhnikoviae radix dried ext. (4.64→1),❌ 매칭 실패
saposhnikoviae radix dried ext. (4.6→1),❌ 매칭 실패
saposhnikoviae radix(4.64→1),❌ 매칭 실패
schizonepeta spica,Schizonepeta_Spike
scutellariae radix,❌ 매칭 실패
sojae semen praeparatum,❌ 매칭 실패
talcum,Talcum
valerian root and rhizome valerianae radix 45% methanol dry extract (5~8→1)ㆍmaltodextrinㆍanhydrous colloidal silicon dioxide mixture (75:24.8:0.2),❌ 매칭 실패
zingiberis rhizoma,❌ 매칭 실패
zingiberis rhizoma crudus,❌ 매칭 실패
zizyphi fructus,❌ 매칭 실패
α-Hydroxy-DL-Methionine Calcium,α-Hydroxy-DL-methionine_Calcium
α-Keto Valine Calcium,α-Ketovaline_Calcium_Salt
α-Keto-DL-Isoleucine Calcium,α-Keto-DL-isoleucine_Calcium
α-Keto-Leucine Calcium,α-Keto-Leucine_Calcium
α-Ketophenylalanine Calcium,α-Ketophenylalanine_Calcium
β-Carotene 10%,β-Carotene
β-Carotene 20% Gr.,β-Carotene
β-Carotene Suspension 30%,❌ 매칭 실패
방풍통성산건조엑스(4.6→1),❌ 매칭 실패
배농산급탕수침건조엑스,❌ 매칭 실패
소청룡탕건조엑스,❌ 매칭 실패
소청룡탕엑스분말(8.4→1),❌ 매칭 실패
영문 표기 없음,❌ 매칭 실패
은교산 건조엑스,❌ 매칭 실패
인진호탕건조엑스(10→1),❌ 매칭 실패
작약감초탕건조엑스,❌ 매칭 실패
크리아제-폴리에틸렌글리콜,❌ 매칭 실패
향소산건조엑스(8→1),❌ 매칭 실패
